Scenario,Pair,Agent,Cumulative Reward,Holding Cost,Lost Sales (units),Ordering Quantity,Service Level (%),Avg Inventory,Total Cost
Scenario A,S002_P0003,RL+LSTM Agent,-33843.23818035947,5847.897501945496,823.5137643814087,3289.927746971715,79.58061581003201,194.92991673151653,33843.23818035947
Scenario A,S002_P0003,Standard RL Agent,-73274.99016665267,2469.2545034885406,2304.655347585678,1666.075235593793,42.855062048458265,82.30848344961802,73274.99016665267
Scenario A,S002_P0003,Fixed-S Policy,-72980.68728912252,3402.4415124394,2264.203383114189,1652.1442832574576,43.85808621090531,113.41471708131333,72980.68728912252
Scenario A,S002_P0003,Forecast Base-Stock,-56528.57011840482,3392.0871419906616,1694.077088356018,2314.1703257336176,57.9946171992061,113.06957139968873,56528.57011840482
Scenario A,S004_P0009,RL+LSTM Agent,-30469.040635790607,6980.497666716576,689.740304350853,2796.3338385484394,80.39396508060366,232.68325555721918,30469.040635790607
Scenario A,S004_P0009,Standard RL Agent,-57398.21845033233,2366.240644097328,1784.9702953100204,1482.86894693439,49.261787778416114,78.8746881365776,57398.21845033233
Scenario A,S004_P0009,Fixed-S Policy,-55717.364470349115,3683.2289185523987,1681.48015832901,1589.730801926428,52.20351994436866,122.77429728507995,55717.364470349115
Scenario A,S004_P0009,Forecast Base-Stock,-42804.372318206355,3853.7480186223984,1228.787332892418,2087.0043128114185,65.07142296132106,128.4582672874133,42804.372318206355
Scenario A,S002_P0010,RL+LSTM Agent,-54994.87653332584,5446.798564910889,1537.6946544647217,3417.238334473311,68.73333370270277,181.5599521636963,54994.87653332584
Scenario A,S002_P0010,Standard RL Agent,-96857.95441395772,2333.2616155147552,3100.2307856082916,1517.769230194234,36.96155401413863,77.77538718382517,96857.95441395772
Scenario A,S002_P0010,Fixed-S Policy,-93419.97681224927,2840.9923371076584,2951.7108330726624,2027.6594829617447,39.981479836823134,94.69974457025528,93419.97681224927
Scenario A,S002_P0010,Forecast Base-Stock,-79994.90294025751,3330.80875313282,2471.472521662712,2519.918537243321,49.74639056369262,111.02695843776067,79994.90294025751
Scenario A,S005_P0008,RL+LSTM Agent,-52058.381281135196,5743.2855139784515,1439.0197495408356,3144.5032809316735,68.90622840231556,191.4428504659484,52058.381281135196
Scenario A,S005_P0008,Standard RL Agent,-89849.8820416101,2065.436199232936,2866.0100974589586,1804.1429186084017,38.072383373834086,68.84787330776453,89849.8820416101
Scenario A,S005_P0008,Fixed-S Policy,-80533.7729000475,2941.9191995859146,2523.7317301034927,1879.9017973568039,45.468199435966014,98.06397331953049,80533.7729000475
Scenario A,S005_P0008,Forecast Base-Stock,-71567.56981697894,3223.3283178806305,2200.5667741298676,2327.238275202283,52.45102043798904,107.44427726268768,71567.56981697894
Scenario A,S004_P0003,RL+LSTM Agent,-39373.38967144958,5788.628093719482,1021.353467464447,2944.157553796682,73.79128888982626,192.95426979064942,39373.38967144958
Scenario A,S004_P0003,Standard RL Agent,-70786.08887289691,2316.692759513855,2232.5532064437866,1492.7999200694653,42.710977257426244,77.22309198379517,70786.08887289691
Scenario A,S004_P0003,Fixed-S Policy,-65778.10784105379,2655.718854188919,2042.6026490926743,1844.3095140846356,47.58525383396813,88.52396180629731,65778.10784105379
Scenario A,S004_P0003,Forecast Base-Stock,-55797.31927428713,3505.499918460846,1668.0741219520569,2249.59569726458,57.19594228124556,116.8499972820282,55797.31927428713
Scenario A,S001_P0006,RL+LSTM Agent,-33579.92872282327,5551.165613770485,826.0694173574448,3246.680588329443,78.52691926906216,185.0388537923495,33579.92872282327
Scenario A,S001_P0006,Standard RL Agent,-68820.64816059136,2760.501712322235,2149.3251996040344,1580.3904601480915,44.129836357122976,92.0167237440745,68820.64816059136
Scenario A,S001_P0006,Fixed-S Policy,-70268.84647285994,3615.7265887260437,2165.732093811035,1681.1570698028404,43.703350935379724,120.52421962420144,70268.84647285994
Scenario A,S001_P0006,Forecast Base-Stock,-55972.533299720635,3979.624653339386,1659.3158144950867,2213.434211528649,56.867278107504006,132.65415511131286,55972.533299720635
Scenario A,S005_P0004,RL+LSTM Agent,-40501.99646214919,5926.12849521637,1049.509822845459,3090.5732815690435,72.75415817749625,197.53761650721233,40501.99646214919
Scenario A,S005_P0004,Standard RL Agent,-74588.42261159269,2282.9128737449646,2367.1098008155823,1292.215713380258,38.548551137270785,76.09709579149882,74588.42261159269
Scenario A,S005_P0004,Fixed-S Policy,-71600.8916724043,3127.281437948346,2229.8905806168914,1576.8928159492043,42.110836203269045,104.24271459827818,71600.8916724043
Scenario A,S005_P0004,Forecast Base-Stock,-52859.504961286984,3091.9920601844788,1580.2561979293823,2359.826963221035,58.97569563371769,103.06640200614929,52859.504961286984
Scenario A,S001_P0011,RL+LSTM Agent,-38788.693364602346,6955.920327961445,958.6830989718437,3072.280067485588,75.17651219648256,231.8640109320482,38788.693364602346
Scenario A,S001_P0011,Standard RL Agent,-65530.49838107733,2926.8545932769775,2030.0792036056519,1701.2676796307846,47.434510522898705,97.56181977589925,65530.49838107733
Scenario A,S001_P0011,Fixed-S Policy,-70112.33046371241,3463.9288288354874,2163.3234943151474,1748.6968054225167,43.98437352886722,115.46429429451625,70112.33046371241
Scenario A,S001_P0011,Forecast Base-Stock,-54017.184708533736,4189.05441570282,1585.9451913833618,2249.7745513300683,58.934614412652465,139.635147190094,54017.184708533736
Scenario A,S002_P0008,RL+LSTM Agent,-37603.397794679135,5851.219091296196,956.060300886631,3070.369676784008,75.28282570244271,195.04063637653988,37603.397794679135
Scenario A,S002_P0008,Standard RL Agent,-66493.39130038596,2024.6017684936523,2100.0272254943848,1467.9727670607717,45.707672503477944,67.48672561645508,66493.39130038596
Scenario A,S002_P0008,Fixed-S Policy,-63944.51411672421,2630.6960620880127,1979.073989868164,1941.5983585912804,48.834695144261495,87.68986873626709,63944.51411672421
Scenario A,S002_P0008,Forecast Base-Stock,-52348.72616784571,3352.0364549160004,1553.7466928958893,2384.2889260530287,59.83074730020101,111.73454849720001,52348.72616784571
Scenario A,S003_P0001,RL+LSTM Agent,-57556.48383457678,5285.459808349609,1634.8693618774414,3224.9431699039233,66.65573405397765,176.18199361165364,57556.48383457678
Scenario A,S003_P0001,Standard RL Agent,-95756.81702251708,2045.3007488250732,3063.2911167144775,1812.782772257678,37.52210662965955,68.17669162750244,95756.81702251708
Scenario A,S003_P0001,Fixed-S Policy,-82031.9078935329,2689.519231915474,2577.220298707485,2025.779700392873,47.435849588065295,89.65064106384914,82031.9078935329
Scenario A,S003_P0001,Forecast Base-Stock,-75507.86769240657,3312.268366217613,2321.952684700489,2537.018785174304,52.64220515832396,110.40894554058711,75507.86769240657
Scenario B,S005_P0005,RL+LSTM Agent,-47192.50779694945,5001.864950180054,1285.2984790802002,3631.6884743633937,72.8496305568812,166.72883167266846,47192.50779694945
Scenario B,S005_P0005,Standard RL Agent,-88653.92797142909,2157.564588546753,2823.143491744995,1802.0586305324928,40.36452229627958,71.9188196182251,88653.92797142909
Scenario B,S005_P0005,Fixed-S Policy,-87901.90138286927,2711.459809064865,2771.9345940351486,2032.40375274995,41.44624806988525,90.3819936354955,87901.90138286927
Scenario B,S005_P0005,Forecast Base-Stock,-74477.52930681457,3275.920618414879,2290.7985607385635,2477.651866242786,51.6096624588506,109.19735394716263,74477.52930681457
Scenario B,S004_P0016,RL+LSTM Agent,-37120.67378076668,5854.004635334015,937.4469866752625,3143.2595451747866,76.09773106611264,195.13348784446717,37120.67378076668
Scenario B,S004_P0016,Standard RL Agent,-70898.9374677779,1991.0632772445679,2244.9386796951294,1559.7137996794352,42.76035997249748,66.36877590815226,70898.9374677779
Scenario B,S004_P0016,Fixed-S Policy,-71684.18199883508,3260.5289148045704,2227.46385825146,1599.7373364866953,43.205918908261545,108.68429716015234,71684.18199883508
Scenario B,S004_P0016,Forecast Base-Stock,-57481.022822900864,3653.9879182577133,1722.2871857881546,2158.4193309985094,56.08650720389288,121.79959727525711,57481.022822900864
Scenario B,S003_P0017,RL+LSTM Agent,-47972.36595027933,5965.00416469574,1298.1899347305298,3061.6637436676965,70.10156754924921,198.83347215652466,47972.36595027933
Scenario B,S003_P0017,Standard RL Agent,-82234.0309107571,2958.5067875385284,2585.9699717760086,1696.4249699382963,40.44288400921566,98.61689291795095,82234.0309107571
Scenario B,S003_P0017,Fixed-S Policy,-76652.93802446357,3277.8326286673546,2387.6416699290276,1745.8552979253836,45.010555639696236,109.26108762224517,76652.93802446357
Scenario B,S003_P0017,Forecast Base-Stock,-62937.45182107121,3673.7115483283997,1892.8532454967499,2478.1429078403135,56.40595926248938,122.45705161094665,62937.45182107121
Scenario B,S001_P0003,RL+LSTM Agent,-26934.419280663446,5471.851604938507,620.2301826477051,2855.662196293792,81.86461450200804,182.39505349795024,26934.419280663446
Scenario B,S001_P0003,Standard RL Agent,-60119.20288171833,1741.8579224944115,1900.2040129303932,1371.2245713121238,44.43847903013448,58.061930749813726,60119.20288171833
Scenario B,S001_P0003,Fixed-S Policy,-54956.574516204724,2708.951932117343,1683.696487531066,1736.7279581554062,50.769108441898105,90.29839773724477,54956.574516204724
Scenario B,S001_P0003,Forecast Base-Stock,-40508.46100964405,2899.7952340245247,1177.7749942541122,2275.4159479961663,65.56213459410782,96.65984113415082,40508.46100964405
Scenario B,S003_P0005,RL+LSTM Agent,-44152.20040385075,5315.439200878143,1178.955795288086,3468.0873443300234,74.57503137183339,177.1813066959381,44152.20040385075
Scenario B,S003_P0005,Standard RL Agent,-82979.84383657042,2115.3885209560394,2627.06579041481,2052.4816031700625,43.34557277518202,70.51295069853465,82979.84383657042
Scenario B,S003_P0005,Fixed-S Policy,-81867.2102810368,2643.9096167087555,2569.520954847336,2137.672018907976,44.58656556292137,88.13032055695852,81867.2102810368
Scenario B,S003_P0005,Forecast Base-Stock,-68167.42016686438,3370.166683793068,2072.734378218651,2615.222136511788,55.30009967179964,112.33888945976894,68167.42016686438
Scenario B,S004_P0011,RL+LSTM Agent,-44965.28054476041,5658.839738845825,1193.215871810913,3509.9646515871927,73.53701774690735,188.62799129486083,44965.28054476041
Scenario B,S004_P0011,Standard RL Agent,-80108.51661695282,2059.689961910248,2546.200918674469,1662.7990948085157,43.53069606639603,68.65633206367492,80108.51661695282
Scenario B,S004_P0011,Fixed-S Policy,-82436.53401533951,2666.3027927726507,2593.901937022805,1953.173111882695,42.47278925185568,88.87675975908836,82436.53401533951
Scenario B,S004_P0011,Forecast Base-Stock,-70116.31128580157,3380.7817797511816,2144.21892978251,2408.9616125750963,52.44579893203788,112.69272599170606,70116.31128580157
Scenario B,S003_P0013,RL+LSTM Agent,-32010.02282001124,6280.845872879028,764.0662975311279,2807.188021198373,79.08959229526195,209.36152909596757,32010.02282001124
Scenario B,S003_P0013,Standard RL Agent,-61711.76278530649,2266.0185128450394,1934.1980780363083,1419.8019313722061,47.0662813892636,75.53395042816798,61711.76278530649
Scenario B,S003_P0013,Fixed-S Policy,-67058.81313280348,3094.469574213028,2078.7629692554474,1601.4544809270305,43.109935159949444,103.14898580710091,67058.81313280348
Scenario B,S003_P0013,Forecast Base-Stock,-47774.33442748274,3525.9968988895416,1400.8218114376068,2223.6831854650013,61.66333302031728,117.53322996298473,47774.33442748274
Scenario B,S004_P0006,RL+LSTM Agent,-30466.70105217027,5900.009144484997,713.9164835512638,3149.19740114736,81.12330817050658,196.66697148283322,30466.70105217027
Scenario B,S004_P0006,Standard RL Agent,-73492.16083720601,2674.5616159439087,2312.734365463257,1435.568257364405,38.84890613091711,89.15205386479695,73492.16083720601
Scenario B,S004_P0006,Fixed-S Policy,-64157.168126694174,3161.703112602234,1981.5605325698853,1548.6490369953804,47.60548554819489,105.39010375340781,64157.168126694174
Scenario B,S004_P0006,Forecast Base-Stock,-54382.921616576394,3617.9971084594727,1624.004144191742,2044.8001823646584,57.05964707911605,120.59990361531575,54382.921616576394
Scenario B,S005_P0013,RL+LSTM Agent,-40573.09102291777,6550.414033174515,1048.5750682353973,2565.4249426813326,73.20963034656624,218.34713443915047,40573.09102291777
Scenario B,S005_P0013,Standard RL Agent,-70179.5777203714,2385.0518584251404,2202.1420907974243,1730.2631380235296,43.73678868683126,79.50172861417134,70179.5777203714
Scenario B,S005_P0013,Fixed-S Policy,-74006.7599624446,2746.361396074295,2321.5329883098602,1614.4089170745,40.68643361497546,91.54537986914316,74006.7599624446
Scenario B,S005_P0013,Forecast Base-Stock,-52032.72212132721,3466.8504853248596,1541.1379017829895,2331.734582512676,60.62498973472178,115.561682844162,52032.72212132721
Scenario B,S005_P0003,RL+LSTM Agent,-57510.85248320295,5145.4042110443115,1633.1162376403809,3371.9611429472125,67.51310448298426,171.51347370147704,57510.85248320295
Scenario B,S005_P0003,Standard RL Agent,-97067.0573738247,2113.388843536377,3109.620376586914,1665.0572326809167,38.14162767879622,70.4462947845459,97067.0573738247
Scenario B,S005_P0003,Fixed-S Policy,-96006.55003549412,2714.8989599347115,3042.7590524554253,2008.8795018966514,39.47167192250994,90.49663199782371,96006.55003549412
Scenario B,S005_P0003,Forecast Base-Stock,-79026.53236642086,3193.327003479004,2445.768823623657,2460.140654232151,51.34734784914149,106.44423344930013,79026.53236642086
Scenario C,S004_P0004,RL+LSTM Agent,-49714.82782802811,6228.917685985565,1336.8030433654785,3381.818841078184,70.31964823788903,207.63058953285218,49714.82782802811
Scenario C,S004_P0004,Standard RL Agent,-75160.42372012419,2791.2655215263367,2337.5896611213684,2241.4683649568046,48.099696689134795,93.04218405087789,75160.42372012419
Scenario C,S004_P0004,Fixed-S Policy,-84303.97140978748,3819.4482693029568,2621.285317515023,1845.9636150338308,41.8009476573041,127.31494231009856,84303.97140978748
Scenario C,S004_P0004,Forecast Base-Stock,-66518.08241525746,4411.385831530206,1984.0715417610481,2584.5503308958237,55.94867802484351,147.0461943843402,66518.08241525746
Scenario C,S003_P0002,RL+LSTM Agent,-52438.177726296984,5636.320383071899,1449.751561164856,3309.310508279398,67.90454812563968,187.87734610239664,52438.177726296984
Scenario C,S003_P0002,Standard RL Agent,-81741.83525272124,2667.183369398117,2576.3607132434845,1783.830486018585,42.96301276857461,88.90611231327057,81741.83525272124
Scenario C,S003_P0002,Fixed-S Policy,-84644.16046799789,3315.8213114738464,2654.8358476161957,1683.2637280381837,41.22568413512961,110.52737704912822,84644.16046799789
Scenario C,S003_P0002,Forecast Base-Stock,-71955.36245637637,3822.547316789627,2192.198384284973,2366.8636110375514,51.46782412475154,127.41824389298759,71955.36245637637
Scenario C,S005_P0017,RL+LSTM Agent,-46868.54349652873,5963.0810289382935,1268.8118042945862,2841.108338752847,70.608945927853,198.76936763127645,46868.54349652873
Scenario C,S005_P0017,Standard RL Agent,-78402.05651567534,2976.3590173721313,2461.8322443962097,1570.7301664169413,42.973540783038914,99.21196724573771,78402.05651567534
Scenario C,S005_P0017,Fixed-S Policy,-86047.72093690095,3437.601785302162,2696.9536126852036,1701.5107710426892,37.527134290358966,114.58672617673874,86047.72093690095
Scenario C,S005_P0017,Forecast Base-Stock,-67024.47492193959,3838.8499606359487,2028.0616669654846,2343.774952339103,53.02150412403325,127.96166535453162,67024.47492193959
Scenario C,S001_P0020,RL+LSTM Agent,-36734.093943338274,6421.344969749451,912.6594457626343,2932.9656007098006,75.59734109705958,214.04483232498168,36734.093943338274
Scenario C,S001_P0020,Standard RL Agent,-66829.42710017491,2195.2642177790403,2102.1353307515383,1570.1029598497307,43.79317314654606,73.175473925968,66829.42710017491
Scenario C,S001_P0020,Fixed-S Policy,-63996.19364828405,3495.177833557129,1964.0030841827393,1580.9232892447378,47.48654871195049,116.50592778523762,63996.19364828405
Scenario C,S001_P0020,Forecast Base-Stock,-48018.007263172185,3649.7734003067017,1406.775318145752,2164.97431849293,62.38568679569156,121.65911334355674,48018.007263172185
Scenario C,S005_P0019,RL+LSTM Agent,-41860.827115300686,5908.310606002808,1083.1962509155273,3456.628981832051,74.92601269921816,196.94368686676026,41860.827115300686
Scenario C,S005_P0019,Standard RL Agent,-75685.48156757119,2870.96102142334,2362.2569999694824,1946.8105470633764,45.3181249765635,95.69870071411133,75685.48156757119
Scenario C,S005_P0019,Fixed-S Policy,-83055.97096964902,3545.6098461151123,2592.576176404953,1733.075831385313,39.98666255672184,118.18699487050374,83055.97096964902
Scenario C,S005_P0019,Forecast Base-Stock,-64428.03325851822,3860.742311477661,1938.0160598754883,2426.8091507758945,55.13851711270479,128.6914103825887,64428.03325851822
Scenario C,S005_P0006,RL+LSTM Agent,-34317.17945703863,6010.883715629578,845.3780469894409,2944.9543317258217,77.97347454430847,200.36279052098593,34317.17945703863
Scenario C,S005_P0006,Standard RL Agent,-69285.03766819948,1753.379861831665,2199.553608894348,1545.0495395373625,42.69010920025148,58.445995394388845,69285.03766819948
Scenario C,S005_P0006,Fixed-S Policy,-64232.60950444295,3039.051909685135,1988.1180613040924,1550.0157556350478,48.19911252464585,101.30173032283783,64232.60950444295
Scenario C,S005_P0006,Forecast Base-Stock,-48931.51641606863,3437.9798974990845,1442.8683700561523,2207.4854168849715,62.405722510261796,114.59932991663615,48931.51641606863
Scenario C,S004_P0006,RL+LSTM Agent,-30466.70105217027,5900.009144484997,713.9164835512638,3149.19740114736,81.12330817050658,196.66697148283322,30466.70105217027
Scenario C,S004_P0006,Standard RL Agent,-73492.16083720601,2674.5616159439087,2312.734365463257,1435.568257364405,38.84890613091711,89.15205386479695,73492.16083720601
Scenario C,S004_P0006,Fixed-S Policy,-64157.168126694174,3161.703112602234,1981.5605325698853,1548.6490369953804,47.60548554819489,105.39010375340781,64157.168126694174
Scenario C,S004_P0006,Forecast Base-Stock,-54382.921616576394,3617.9971084594727,1624.004144191742,2044.8001823646584,57.05964707911605,120.59990361531575,54382.921616576394
Scenario C,S003_P0004,RL+LSTM Agent,-48689.566435278146,5935.493309259415,1322.5197713375092,3078.4799858934603,69.1288568782094,197.84977697531383,48689.566435278146
Scenario C,S003_P0004,Standard RL Agent,-82866.71520435874,2186.522464632988,2633.432306408882,1677.2235474592799,38.528657646851485,72.88408215443293,82866.71520435874
Scenario C,S003_P0004,Fixed-S Policy,-74341.61066756274,3393.7630186080933,2308.95884513855,1679.0822947981492,46.10273470731677,113.1254339536031,74341.61066756274
Scenario C,S003_P0004,Forecast Base-Stock,-61078.14405513303,3892.6815215349197,1830.2683945298195,2277.410697703528,57.276648120218965,129.75605071783065,61078.14405513303
Scenario C,S001_P0012,RL+LSTM Agent,-20914.497795102703,7430.005095243454,367.31881284713745,2464.9283144451256,86.64780760279399,247.6668365081151,20914.497795102703
Scenario C,S001_P0012,Standard RL Agent,-44184.05723157179,2145.0221831798553,1363.224122285843,1142.31137981665,50.4462332865924,71.50073943932851,44184.05723157179
Scenario C,S001_P0012,Fixed-S Policy,-42656.93758074257,3109.6099279522896,1269.0834562182426,1474.823966242996,53.86828585175417,103.6536642650763,42656.93758074257
Scenario C,S001_P0012,Forecast Base-Stock,-31121.833296883757,4112.759952545166,835.6692519187927,1938.9957867748149,69.6230733580955,137.0919984181722,31121.833296883757
Scenario C,S001_P0002,RL+LSTM Agent,-41971.4537159141,5625.492034912109,1104.6757125854492,3205.6903034385114,75.25368027362344,187.516401163737,41971.4537159141
Scenario C,S001_P0002,Standard RL Agent,-78218.4743889453,2834.968988418579,2449.272310256958,1905.3360928179777,45.13278874872405,94.4989662806193,78218.4743889453
Scenario C,S001_P0002,Fixed-S Policy,-78238.67873326545,2962.191226005554,2441.462571144104,2032.6103729367685,45.307738101610575,98.73970753351847,78238.67873326545
Scenario C,S001_P0002,Forecast Base-Stock,-69844.01600755805,3678.3855686187744,2128.629807472229,2306.7362147724043,52.315640513614944,122.61285228729248,69844.01600755805
